{"stats":{"minecraft:killed":{"minecraft:shulker":31,"minecraft:skeleton":55,"minecraft:chicken":994,"minecraft:magma_cube":19,"minecraft:salmon":5,"minecraft:iron_golem":37,"minecraft:ender_dragon":1,"minecraft:pillager":101,"minecraft:zombie":136,"minecraft:cow":407,"minecraft:evoker":6,"minecraft:vindicator":23,"minecraft:horse":2,"minecraft:wandering_trader":4,"minecraft:ravager":12,"minecraft:breeze":33,"minecraft:enderman":2188,"minecraft:witch":6,"minecraft:zombified_piglin":33,"minecraft:spider":80,"minecraft:wither":1,"minecraft:silverfish":24,"minecraft:piglin_brute":12,"minecraft:piglin":18,"minecraft:pig":107,"minecraft:zombie_villager":2,"minecraft:creeper":78,"minecraft:sheep":117,"minecraft:trader_llama":6,"minecraft:stray":25,"minecraft:ghast":4,"minecraft:blaze":28,"minecraft:armadillo":1,"minecraft:vex":4,"minecraft:bogged":74,"minecraft:slime":548,"minecraft:phantom":1,"minecraft:bat":1,"minecraft:hoglin":3,"minecraft:wither_skeleton":58},"minecraft:used":{"minecraft:tuff_bricks":19,"minecraft:heavy_core":1,"minecraft:elytra":57,"minecraft:ladder":7,"minecraft:poppy":4,"minecraft:chest":133,"minecraft:stone":186,"minecraft:soul_sand":26,"minecraft:lava_bucket":49,"minecraft:netherite_shovel":40011,"minecraft:villager_spawn_egg":3,"minecraft:grass_block":17664,"minecraft:birch_sapling":2,"minecraft:netherite_boots":6,"minecraft:bow":174,"minecraft:dark_oak_boat":3,"minecraft:ominous_bottle":8,"minecraft:oak_sapling":272,"minecraft:furnace":39,"minecraft:egg":4869,"minecraft:potato":30,"minecraft:mossy_stone_bricks":4,"minecraft:wooden_pickaxe":7,"minecraft:oak_leaves":130,"minecraft:golden_apple":3,"minecraft:glow_berries":4,"minecraft:sand":20,"minecraft:netherite_helmet":4,"minecraft:lectern":201,"minecraft:diamond_sword":985,"minecraft:fire_charge":3,"minecraft:smithing_table":2,"minecraft:oak_trapdoor":32,"minecraft:enchanting_table":3,"minecraft:stone_sword":148,"minecraft:cooked_salmon":4,"minecraft:trial_key":20,"minecraft:netherrack":548,"minecraft:torch":537,"minecraft:brewing_stand":3,"minecraft:anvil":14,"minecraft:nether_quartz_ore":45,"minecraft:iron_axe":330,"minecraft:iron_block":145,"minecraft:totem_of_undying":4,"minecraft:diamond_chestplate":1,"minecraft:beef":2,"minecraft:cobbled_deepslate":106,"minecraft:observer":3,"minecraft:wheat_seeds":957,"minecraft:water_bucket":467,"minecraft:cartography_table":4,"minecraft:fletching_table":17,"minecraft:mossy_cobblestone":3,"minecraft:rail":327,"minecraft:oak_slab":261,"minecraft:crafting_table":26,"minecraft:white_bed":164,"minecraft:spruce_log":2,"minecraft:oak_log":306,"minecraft:ender_eye":22,"minecraft:diamond_pickaxe":5791,"minecraft:oxeye_daisy":1,"minecraft:ominous_trial_key":15,"minecraft:diamond_shovel":835,"minecraft:wind_charge":187,"minecraft:mangrove_propagule":3,"minecraft:iron_pickaxe":682,"minecraft:spruce_sapling":394,"minecraft:cobblestone":565,"minecraft:potion":4,"minecraft:cooked_porkchop":10,"minecraft:glass_pane":1,"minecraft:brush":1,"minecraft:stripped_oak_log":9,"minecraft:dandelion":2,"minecraft:jukebox":19,"minecraft:iron_shovel":669,"minecraft:oak_sign":14,"minecraft:decorated_pot":1,"minecraft:shield":225,"minecraft:iron_sword":553,"minecraft:bell":8,"minecraft:carrot":410,"minecraft:furnace_minecart":3,"minecraft:tuff":1,"minecraft:obsidian":45,"minecraft:coal_ore":12,"minecraft:bricks":7,"minecraft:lantern":8,"minecraft:iron_helmet":3,"minecraft:stone_bricks":1643,"minecraft:reinforced_deepslate":8,"minecraft:vault":2,"minecraft:magma_block":1,"minecraft:hay_block":1,"minecraft:dark_oak_sapling":94,"minecraft:dark_oak_stairs":2,"minecraft:dropper":7,"minecraft:wither_skeleton_skull":3,"minecraft:stone_pickaxe":272,"minecraft:dark_oak_sign":1,"minecraft:oak_planks":855,"minecraft:ender_pearl":131,"minecraft:redstone_block":42,"minecraft:sugar_cane":106,"minecraft:diamond_axe":683,"minecraft:blue_bed":1,"minecraft:netherite_leggings":1,"minecraft:lingering_potion":1,"minecraft:dripstone_block":9,"minecraft:end_stone":5,"minecraft:polished_tuff":1,"minecraft:lever":1,"minecraft:firework_rocket":478,"minecraft:mace":18,"minecraft:bread":18,"minecraft:barrier":7,"minecraft:deepslate":61,"minecraft:gravel":2,"minecraft:grindstone":6,"minecraft:chain":1,"minecraft:bone_meal":334,"minecraft:oak_fence":197,"minecraft:netherite_sword":2403,"minecraft:trident":59,"minecraft:flint_and_steel":34,"minecraft:redstone":3,"minecraft:spruce_planks":24,"minecraft:ender_chest":16,"minecraft:stone_hoe":140,"minecraft:cooked_chicken":350,"minecraft:oak_door":5,"minecraft:dirt":3331,"minecraft:white_carpet":143,"minecraft:hopper":22,"minecraft:diamond_helmet":4,"minecraft:shulker_box":70,"minecraft:granite":1,"minecraft:iron_hoe":179,"minecraft:dark_oak_planks":227,"minecraft:bookshelf":73,"minecraft:oak_stairs":418,"minecraft:iron_boots":1,"minecraft:golden_carrot":1,"minecraft:emerald_block":20,"minecraft:netherite_pickaxe":14677,"minecraft:minecart":33,"minecraft:cooked_beef":175,"minecraft:iron_leggings":4,"minecraft:cooked_mutton":26,"minecraft:cobblestone_stairs":2,"minecraft:netherite_chestplate":58,"minecraft:baked_potato":16,"minecraft:brown_mushroom":1,"minecraft:beacon":2,"minecraft:waxed_copper_block":3,"minecraft:smoker":17,"minecraft:nether_gold_ore":39,"minecraft:command_block":5,"minecraft:map":1,"minecraft:netherite_axe":1514,"minecraft:stone_slab":32,"minecraft:stone_axe":103,"minecraft:white_banner":1,"minecraft:bucket":516,"minecraft:yellow_bed":9},"minecraft:mined":{"minecraft:dark_oak_planks":8,"minecraft:white_bed":16,"minecraft:obsidian":59,"minecraft:granite":310,"minecraft:chiseled_tuff_bricks":3,"minecraft:hopper":1,"minecraft:oxeye_daisy":61,"minecraft:nether_wart":20,"minecraft:spawner":2,"minecraft:polished_blackstone_bricks":69,"minecraft:tall_seagrass":7,"minecraft:magma_block":126,"minecraft:cobbled_deepslate":12,"minecraft:fire":614,"minecraft:deepslate_lapis_ore":4,"minecraft:fletching_table":11,"minecraft:enchanting_table":1,"minecraft:dirt_path":73,"minecraft:oak_stairs":158,"minecraft:pink_tulip":46,"minecraft:white_banner":1,"minecraft:brown_mushroom":4,"minecraft:kelp_plant":2,"minecraft:smoker":14,"minecraft:crimson_nylium":2,"minecraft:soul_fire":6,"minecraft:torch":9,"minecraft:sugar_cane":857,"minecraft:white_terracotta":31,"minecraft:waxed_copper_bulb":2,"minecraft:wheat":805,"minecraft:lilac":60,"minecraft:jukebox":6,"minecraft:waxed_copper_block":13,"minecraft:dark_oak_sapling":2,"minecraft:deepslate":956,"minecraft:mossy_cobblestone":16,"minecraft:dark_oak_log":165,"minecraft:end_stone":126,"minecraft:shulker_box":71,"minecraft:nether_bricks":12,"minecraft:allium":49,"minecraft:kelp":2,"minecraft:cartography_table":2,"minecraft:moss_block":1,"minecraft:redstone_ore":8,"minecraft:waxed_copper_grate":2,"minecraft:andesite":3,"minecraft:rail":278,"minecraft:waxed_weathered_copper_bulb":1,"minecraft:white_wool":1,"minecraft:ender_chest":15,"minecraft:smithing_table":1,"minecraft:oak_slab":123,"minecraft:redstone_block":32,"minecraft:glass_pane":15,"minecraft:soul_sand":36,"minecraft:lily_of_the_valley":39,"minecraft:observer":1,"minecraft:dandelion":76,"minecraft:cornflower":89,"minecraft:short_grass":2078,"minecraft:emerald_ore":1,"minecraft:dropper":4,"minecraft:copper_ore":101,"minecraft:tall_grass":580,"minecraft:deepslate_gold_ore":48,"minecraft:diorite":98,"minecraft:dark_oak_wall_sign":1,"minecraft:white_carpet":6,"minecraft:spruce_log":121,"minecraft:birch_leaves":2,"minecraft:sunflower":2,"minecraft:gravel":313,"minecraft:dripstone_block":20,"minecraft:cobweb":12,"minecraft:oak_button":1,"minecraft:stone_bricks":115,"minecraft:fern":2,"minecraft:spruce_planks":1,"minecraft:oak_sapling":10,"minecraft:farmland":26,"minecraft:cobblestone_stairs":2,"minecraft:brewing_stand":3,"minecraft:grass_block":20903,"minecraft:cracked_polished_blackstone_bricks":33,"minecraft:composter":2,"minecraft:tuff_bricks":31,"minecraft:raw_iron_block":11,"minecraft:iron_ore":128,"minecraft:polished_tuff":12,"minecraft:anvil":3,"minecraft:azure_bluet":35,"minecraft:dark_oak_stairs":2,"minecraft:red_tulip":89,"minecraft:pointed_dripstone":8,"minecraft:end_stone_bricks":5,"minecraft:deepslate_redstone_ore":72,"minecraft:blackstone":62,"minecraft:clay":1,"minecraft:poppy":73,"minecraft:beacon":1,"minecraft:chest":18,"minecraft:nether_quartz_ore":414,"minecraft:cobblestone":269,"minecraft:grindstone":5,"minecraft:oak_planks":312,"minecraft:iron_door":1,"minecraft:wall_torch":26,"minecraft:seagrass":1,"minecraft:birch_log":161,"minecraft:orange_tulip":157,"minecraft:purpur_block":8,"minecraft:oak_log":950,"minecraft:waxed_oxidized_copper":1,"minecraft:sand":102,"minecraft:dirt":18660,"minecraft:netherrack":4604,"minecraft:ancient_debris":29,"minecraft:oak_leaves":133,"minecraft:emerald_block":1,"minecraft:nether_gold_ore":156,"minecraft:tuff":597,"minecraft:dark_oak_leaves":56,"minecraft:deepslate_diamond_ore":197,"minecraft:oak_door":13,"minecraft:glow_lichen":2,"minecraft:decorated_pot":60,"minecraft:spruce_leaves":24,"minecraft:hay_block":159,"minecraft:oak_trapdoor":1,"minecraft:spruce_sapling":9,"minecraft:furnace":21,"minecraft:carrots":248,"minecraft:peony":46,"minecraft:gold_block":14,"minecraft:bell":8,"minecraft:nether_brick_fence":1,"minecraft:bookshelf":42,"minecraft:deepslate_iron_ore":626,"minecraft:stripped_oak_log":63,"minecraft:stone":11036,"minecraft:white_tulip":117,"minecraft:podzol":663,"minecraft:infested_stone_bricks":3,"minecraft:basalt":6,"minecraft:oak_fence":41,"minecraft:crafting_table":13,"minecraft:rose_bush":75,"minecraft:lectern":196,"minecraft:stone_slab":6,"minecraft:lapis_ore":8,"minecraft:polished_blackstone_brick_stairs":1,"minecraft:waxed_oxidized_copper_grate":3,"minecraft:bee_nest":15,"minecraft:yellow_bed":9,"minecraft:coal_ore":352,"minecraft:end_rod":1,"minecraft:cracked_stone_bricks":1,"minecraft:mossy_stone_bricks":5},"minecraft:broken":{"minecraft:iron_boots":1,"minecraft:iron_leggings":1,"minecraft:iron_sword":1,"minecraft:stone_sword":1,"minecraft:stone_hoe":1,"minecraft:shield":1,"minecraft:brush":4,"minecraft:iron_pickaxe":1,"minecraft:iron_helmet":1,"minecraft:iron_shovel":2,"minecraft:stone_pickaxe":2},"minecraft:crafted":{"minecraft:ender_chest":1,"minecraft:blaze_powder":32,"minecraft:chain":1,"minecraft:wolf_armor":2,"minecraft:diamond_shovel":3,"minecraft:bookshelf":62,"minecraft:cooked_mutton":21,"minecraft:shulker_box":11,"minecraft:glass":28,"minecraft:mace":1,"minecraft:quartz_block":80,"minecraft:diamond_helmet":4,"minecraft:diamond_leggings":3,"minecraft:netherite_boots":1,"minecraft:tipped_arrow":50,"minecraft:furnace_minecart":1,"minecraft:emerald":3386,"minecraft:cooked_porkchop":5,"minecraft:diamond_axe":2,"minecraft:smithing_table":1,"minecraft:copper_ingot":10,"minecraft:hay_block":13,"minecraft:cartography_table":2,"minecraft:lectern":4,"minecraft:stone_slab":6,"minecraft:compass":7,"minecraft:iron_pickaxe":6,"minecraft:iron_block":155,"minecraft:gold_ingot":359,"minecraft:netherite_ingot":9,"minecraft:jukebox":1,"minecraft:iron_nugget":9,"minecraft:wind_charge":232,"minecraft:bone_meal":360,"minecraft:stone_pickaxe":3,"minecraft:diamond_boots":4,"minecraft:dark_oak_planks":15424,"minecraft:allium":1,"minecraft:wheat":1530,"minecraft:enchanting_table":2,"minecraft:enchanted_book":43,"minecraft:oak_stairs":176,"minecraft:iron_shovel":2,"minecraft:iron_leggings":4,"minecraft:white_bed":50,"minecraft:grindstone":1,"minecraft:oak_planks":1784,"minecraft:magenta_banner":5,"minecraft:dark_oak_boat":3,"minecraft:stone":34,"minecraft:quartz_pillar":64,"minecraft:hopper":12,"minecraft:iron_boots":4,"minecraft:chest":139,"minecraft:flow_armor_trim_smithing_template":6,"minecraft:netherite_upgrade_smithing_template":18,"minecraft:rail":64,"minecraft:bricks":7,"minecraft:stone_hoe":1,"minecraft:ender_eye":21,"minecraft:stone_bricks":1548,"minecraft:oak_fence":138,"minecraft:smoker":3,"minecraft:dropper":5,"minecraft:oak_slab":180,"minecraft:map":35,"minecraft:crafting_table":15,"minecraft:spruce_planks":27748,"minecraft:wooden_pickaxe":2,"minecraft:iron_helmet":4,"minecraft:brush":4,"minecraft:gold_block":23,"minecraft:dark_oak_slab":12,"minecraft:book":47,"minecraft:iron_chestplate":4,"minecraft:paper":1419,"minecraft:diamond_pickaxe":4,"minecraft:emerald_block":82,"minecraft:shield":5,"minecraft:stick":83406,"minecraft:iron_ingot":1547,"minecraft:stone_sword":1,"minecraft:shears":3,"minecraft:mangrove_propagule":3,"minecraft:redstone":288,"minecraft:raw_iron":99,"minecraft:furnace":6,"minecraft:dark_oak_sign":18,"minecraft:glass_pane":64,"minecraft:diamond_block":8,"minecraft:oak_trapdoor":22,"minecraft:flint_and_steel":1,"minecraft:netherite_leggings":1,"minecraft:iron_axe":3,"minecraft:iron_hoe":1,"minecraft:filled_map":3,"minecraft:netherite_scrap":36,"minecraft:observer":2,"minecraft:minecart":3,"minecraft:cooked_beef":206,"minecraft:diamond_sword":3,"minecraft:dark_oak_stairs":8,"minecraft:iron_sword":6,"minecraft:bucket":3,"minecraft:stone_axe":1,"minecraft:air":0,"minecraft:bread":23,"minecraft:anvil":3,"minecraft:torch":252,"minecraft:lapis_lazuli":45,"minecraft:diamond_chestplate":3,"minecraft:firework_rocket":633},"minecraft:custom":{"minecraft:interact_with_crafting_table":276,"minecraft:open_barrel":8,"minecraft:bell_ring":217,"minecraft:leave_game":36,"minecraft:time_since_death":3227897,"minecraft:damage_blocked_by_shield":7046,"minecraft:play_time":3784374,"minecraft:deaths":7,"minecraft:jump":33118,"minecraft:enchant_item":150,"minecraft:interact_with_furnace":386,"minecraft:play_record":42,"minecraft:traded_with_villager":3111,"minecraft:interact_with_cartography_table":3,"minecraft:sleep_in_bed":84,"minecraft:damage_dealt":267371,"minecraft:interact_with_smoker":20,"minecraft:use_cauldron":2,"minecraft:inspect_dispenser":2,"minecraft:horse_one_cm":146698,"minecraft:interact_with_smithing_table":16,"minecraft:inspect_dropper":9,"minecraft:interact_with_anvil":46,"minecraft:inspect_hopper":8,"minecraft:sneak_time":127143,"minecraft:total_world_time":3784374,"minecraft:interact_with_stonecutter":1,"minecraft:time_since_rest":0,"minecraft:swim_one_cm":67851,"minecraft:fly_one_cm":16342172,"minecraft:open_chest":2411,"minecraft:fall_one_cm":1030774,"minecraft:animals_bred":2043,"minecraft:open_shulker_box":196,"minecraft:sprint_one_cm":7035500,"minecraft:drop":2866,"minecraft:talked_to_villager":1022,"minecraft:interact_with_brewingstand":1,"minecraft:walk_on_water_one_cm":295581,"minecraft:open_enderchest":111,"minecraft:interact_with_beacon":4,"minecraft:player_kills":14,"minecraft:crouch_one_cm":413035,"minecraft:mob_kills":5429,"minecraft:interact_with_campfire":4,"minecraft:damage_dealt_resisted":828,"minecraft:climb_one_cm":9017,"minecraft:walk_one_cm":7888257,"minecraft:raid_win":7,"minecraft:walk_under_water_one_cm":126279,"minecraft:boat_one_cm":78923,"minecraft:raid_trigger":7,"minecraft:interact_with_grindstone":145,"minecraft:damage_taken":36950,"minecraft:damage_absorbed":151,"minecraft:minecart_one_cm":2259,"minecraft:aviate_one_cm":13556078},"minecraft:killed_by":{"minecraft:bogged":2,"minecraft:zombie":1,"minecraft:creeper":1,"minecraft:iron_golem":1},"minecraft:picked_up":{"minecraft:iron_chestplate":5,"minecraft:flower_pot":1,"minecraft:anvil":5,"minecraft:lead":14,"minecraft:smithing_table":1,"minecraft:stone_slab":8,"minecraft:diamond_sword":6,"minecraft:oak_stairs":158,"minecraft:enchanted_book":13,"minecraft:brewing_stand":4,"minecraft:golden_sword":3,"minecraft:music_disc_cat":1,"minecraft:polished_blackstone_brick_stairs":1,"minecraft:string":320,"minecraft:cooked_salmon":4,"minecraft:diamond_leggings":2,"minecraft:gold_nugget":970,"minecraft:cobbled_deepslate":633,"minecraft:spruce_planks":16969,"minecraft:trial_key":24,"minecraft:enchanted_golden_apple":2,"minecraft:golden_helmet":2,"minecraft:jukebox":6,"minecraft:composter":2,"minecraft:golden_axe":4,"minecraft:waxed_weathered_copper_bulb":1,"minecraft:waxed_copper_grate":4,"minecraft:stone_sword":6,"minecraft:honey_bottle":12,"minecraft:armadillo_scute":16,"minecraft:red_tulip":77,"minecraft:iron_block":1,"minecraft:bookshelf":17,"minecraft:end_rod":1,"minecraft:white_terracotta":31,"minecraft:waxed_cut_copper":2,"minecraft:blaze_rod":60,"minecraft:birch_log":473,"minecraft:furnace_minecart":3,"minecraft:magma_block":40,"minecraft:feather":1341,"minecraft:cooked_beef":98,"minecraft:iron_door":2,"minecraft:water_bucket":7,"minecraft:smoker":14,"minecraft:flint":3,"minecraft:dark_oak_sign":1,"minecraft:diamond_helmet":3,"minecraft:glowstone_dust":5,"minecraft:moss_block":1,"minecraft:dropper":2,"minecraft:dark_oak_log":4000,"minecraft:iron_hoe":2,"minecraft:deepslate":77,"minecraft:granite":293,"minecraft:bread":1,"minecraft:music_disc_precipice":1,"minecraft:ominous_trial_key":16,"minecraft:diamond_pickaxe":6,"minecraft:music_disc_5":1,"minecraft:crafting_table":18,"minecraft:bee_nest":15,"minecraft:ominous_bottle":11,"minecraft:nether_wart":33,"minecraft:music_disc_creator":3,"minecraft:purpur_block":6,"minecraft:wind_charge":166,"minecraft:cornflower":84,"minecraft:elytra":2,"minecraft:flow_banner_pattern":3,"minecraft:flint_and_steel":1,"minecraft:white_carpet":6,"minecraft:iron_shovel":6,"minecraft:glass_pane":1,"minecraft:cartography_table":2,"minecraft:netherite_sword":1,"minecraft:deepslate_diamond_ore":2,"minecraft:music_disc_otherside":19,"minecraft:beef":1153,"minecraft:iron_nugget":182,"minecraft:poppy":143,"minecraft:minecart":40,"minecraft:guster_pottery_sherd":7,"minecraft:chest":17,"minecraft:birch_sapling":184,"minecraft:waxed_oxidized_copper":1,"minecraft:egg":4729,"minecraft:copper_ore":71,"minecraft:stone":4662,"minecraft:oak_door":13,"minecraft:music_disc_mellohi":1,"minecraft:fire_charge":42,"minecraft:flow_pottery_sherd":1,"minecraft:mace":1,"minecraft:carrot":1036,"minecraft:redstone":514,"minecraft:netherite_pickaxe":2,"minecraft:music_disc_creator_music_box":9,"minecraft:diamond_chestplate":7,"minecraft:decorated_pot":1,"minecraft:peony":41,"minecraft:shears":1,"minecraft:diamond_boots":2,"minecraft:hay_block":170,"minecraft:flow_armor_trim_smithing_template":6,"minecraft:gold_ingot":270,"minecraft:totem_of_undying":10,"minecraft:tuff_bricks":42,"minecraft:mutton":132,"minecraft:white_wool":247,"minecraft:rail":283,"minecraft:oxeye_daisy":151,"minecraft:stripped_oak_log":65,"minecraft:filled_map":3,"minecraft:oak_log":2668,"minecraft:ancient_debris":43,"minecraft:golden_boots":1,"minecraft:paper":55,"minecraft:white_banner":27,"minecraft:apple":154,"minecraft:stone_bricks":95,"minecraft:stone_pickaxe":1,"minecraft:iron_ore":28,"minecraft:glass_bottle":3,"minecraft:iron_sword":5,"minecraft:dark_oak_stairs":1,"minecraft:gravel":889,"minecraft:spruce_sapling":915,"minecraft:spruce_log":7499,"minecraft:crying_obsidian":73,"minecraft:polished_tuff":8,"minecraft:dragon_egg":1,"minecraft:coal_ore":75,"minecraft:slime_ball":945,"minecraft:stone_axe":2,"minecraft:diamond_axe":4,"minecraft:gray_wool":1,"minecraft:oak_button":1,"minecraft:baked_potato":18,"minecraft:ender_pearl":656,"minecraft:shulker_shell":22,"minecraft:wheat":847,"minecraft:redstone_block":32,"minecraft:ender_chest":14,"minecraft:nether_brick_fence":1,"minecraft:potion":20,"minecraft:nether_brick":193,"minecraft:raw_copper":309,"minecraft:iron_leggings":4,"minecraft:oak_sign":4,"minecraft:white_tulip":119,"minecraft:rose_bush":57,"minecraft:ender_eye":5,"minecraft:iron_pickaxe":3,"minecraft:iron_boots":11,"minecraft:furnace":20,"minecraft:tipped_arrow":170,"minecraft:stick":32931,"minecraft:oak_fence":40,"minecraft:torch":131,"minecraft:porkchop":214,"minecraft:diorite":97,"minecraft:pointed_dripstone":21,"minecraft:music_disc_pigstep":3,"minecraft:nether_gold_ore":44,"minecraft:rotten_flesh":254,"minecraft:music_disc_wait":1,"minecraft:obsidian":92,"minecraft:cobblestone":6149,"minecraft:enchanting_table":1,"minecraft:pink_petals":3,"minecraft:lilac":53,"minecraft:magma_cream":13,"minecraft:andesite":3,"minecraft:golden_leggings":5,"minecraft:beacon":1,"minecraft:potato":31,"minecraft:tuff":382,"minecraft:wither_skeleton_skull":3,"minecraft:lapis_lazuli":363,"minecraft:dirt":18818,"minecraft:bone":467,"minecraft:bow":8,"minecraft:wheat_seeds":3433,"minecraft:orange_tulip":180,"minecraft:raw_gold":61,"minecraft:bell":8,"minecraft:grindstone":5,"minecraft:bolt_armor_trim_smithing_template":3,"minecraft:netherite_axe":1,"minecraft:mossy_stone_bricks":4,"minecraft:fletching_table":11,"minecraft:scrape_pottery_sherd":1,"minecraft:oak_planks":508,"minecraft:cooked_porkchop":35,"minecraft:music_disc_13":2,"minecraft:sand":78,"minecraft:grass_block":19017,"minecraft:lily_of_the_valley":30,"minecraft:spectral_arrow":239,"minecraft:shulker_box":71,"minecraft:mossy_cobblestone":15,"minecraft:sugar":5,"minecraft:diamond":377,"minecraft:waxed_oxidized_copper_grate":3,"minecraft:cracked_polished_blackstone_bricks":78,"minecraft:crossbow":11,"minecraft:breeze_rod":157,"minecraft:bone_meal":105,"minecraft:emerald":299,"minecraft:oak_sapling":1204,"minecraft:netherrack":4768,"minecraft:oak_leaves":9,"minecraft:nether_star":1,"minecraft:end_stone_bricks":4,"minecraft:lingering_potion":1,"minecraft:charcoal":11,"minecraft:allium":44,"minecraft:azure_bluet":44,"minecraft:splash_potion":14,"minecraft:chicken":493,"minecraft:brown_mushroom":4,"minecraft:wooden_pickaxe":2,"minecraft:gold_block":21,"minecraft:brick":264,"minecraft:shield":7,"minecraft:oak_trapdoor":1,"minecraft:iron_axe":9,"minecraft:blackstone":471,"minecraft:observer":1,"minecraft:light_gray_wool":1,"minecraft:lectern":205,"minecraft:sugar_cane":1733,"minecraft:dark_oak_sapling":251,"minecraft:raw_iron":1492,"minecraft:end_stone":145,"minecraft:music_disc_relic":4,"minecraft:polished_blackstone_bricks":137,"minecraft:music_disc_11":2,"minecraft:trident":2,"minecraft:dark_oak_planks":2622,"minecraft:arrow":407,"minecraft:nether_bricks":11,"minecraft:pink_tulip":46,"minecraft:saddle":10,"minecraft:basalt":27,"minecraft:golden_carrot":5,"minecraft:magenta_banner":5,"minecraft:salmon":12,"minecraft:leather":701,"minecraft:waxed_copper_bulb":2,"minecraft:waxed_copper_block":12,"minecraft:yellow_bed":8,"minecraft:gunpowder":196,"minecraft:cobblestone_stairs":1,"minecraft:cooked_mutton":77,"minecraft:podzol":1124,"minecraft:iron_ingot":276,"minecraft:cooked_chicken":832,"minecraft:soul_sand":242,"minecraft:book":137,"minecraft:oak_slab":130,"minecraft:nether_quartz_ore":172,"minecraft:emerald_block":4,"minecraft:heavy_core":1,"minecraft:quartz":697,"minecraft:dandelion":171,"minecraft:dripstone_block":22,"minecraft:raw_iron_block":11,"minecraft:lava_bucket":1,"minecraft:white_bed":16,"minecraft:spider_eye":77,"minecraft:iron_helmet":5,"minecraft:coal":1040,"minecraft:chiseled_tuff_bricks":3,"minecraft:sunflower":3},"minecraft:dropped":{"minecraft:iron_sword":4,"minecraft:ominous_bottle":1,"minecraft:lapis_lazuli":60,"minecraft:cooked_beef":101,"minecraft:glass_bottle":4,"minecraft:diamond":21,"minecraft:crafting_table":3,"minecraft:cooked_porkchop":16,"minecraft:dark_oak_slab":46,"minecraft:crossbow":10,"minecraft:orange_tulip":180,"minecraft:fletching_table":5,"minecraft:saddle":6,"minecraft:elytra":1,"minecraft:rail":27,"minecraft:music_disc_creator_music_box":1,"minecraft:emerald":27,"minecraft:gold_block":7,"minecraft:dirt":817,"minecraft:gold_nugget":19,"minecraft:bone_block":4,"minecraft:sunflower":3,"minecraft:sand":30,"minecraft:bolt_armor_trim_smithing_template":2,"minecraft:sugar":2,"minecraft:iron_pickaxe":3,"minecraft:dark_oak_planks":2549,"minecraft:white_wool":26,"minecraft:bone":150,"minecraft:oak_door":7,"minecraft:magenta_banner":5,"minecraft:emerald_block":1,"minecraft:sugar_cane":5,"minecraft:ancient_debris":14,"minecraft:iron_nugget":7,"minecraft:cooked_chicken":8,"minecraft:cobbled_deepslate":433,"minecraft:nether_brick":150,"minecraft:birch_sapling":182,"minecraft:netherite_sword":1,"minecraft:wheat":16,"minecraft:obsidian":40,"minecraft:rotten_flesh":164,"minecraft:oak_planks":52,"minecraft:enchanted_golden_apple":1,"minecraft:glowstone_dust":3,"minecraft:end_stone":140,"minecraft:azure_bluet":43,"minecraft:waxed_copper_block":8,"minecraft:wind_charge":9,"minecraft:tipped_arrow":122,"minecraft:coal_ore":63,"minecraft:quartz_block":16,"minecraft:hopper":2,"minecraft:end_stone_bricks":2,"minecraft:beef":130,"minecraft:podzol":1132,"minecraft:lectern":8,"minecraft:egg":49,"minecraft:enchanted_book":7,"minecraft:golden_boots":1,"minecraft:iron_ingot":26,"minecraft:netherite_pickaxe":2,"minecraft:wheat_seeds":1142,"minecraft:dripstone_block":5,"minecraft:deepslate_diamond_ore":2,"minecraft:oak_fence":34,"minecraft:iron_helmet":4,"minecraft:feather":715,"minecraft:cobblestone":202,"minecraft:book":9,"minecraft:waxed_copper_grate":4,"minecraft:apple":125,"minecraft:granite":265,"minecraft:coal":461,"minecraft:end_rod":1,"minecraft:oxeye_daisy":148,"minecraft:gray_wool":1,"minecraft:golden_carrot":18,"minecraft:waxed_weathered_copper_bulb":1,"minecraft:rose_bush":57,"minecraft:diamond_helmet":5,"minecraft:potion":6,"minecraft:oak_stairs":10,"minecraft:white_banner":26,"minecraft:iron_shovel":2,"minecraft:paper":179,"minecraft:string":130,"minecraft:spruce_sapling":494,"minecraft:pink_tulip":46,"minecraft:stone_sword":4,"minecraft:dark_oak_sign":18,"minecraft:deepslate":16,"minecraft:chicken":33,"minecraft:white_carpet":5,"minecraft:iron_boots":4,"minecraft:stone_slab":45,"minecraft:nether_bricks":11,"minecraft:oak_sign":9,"minecraft:shears":1,"minecraft:lily_of_the_valley":30,"minecraft:diamond_sword":7,"minecraft:potato":30,"minecraft:stone":1208,"minecraft:flower_pot":1,"minecraft:allium":45,"minecraft:waxed_cut_copper":2,"minecraft:peony":41,"minecraft:spruce_planks":17377,"minecraft:diamond_pickaxe":7,"minecraft:spider_eye":72,"minecraft:stone_bricks":7,"minecraft:bow":8,"minecraft:red_tulip":77,"minecraft:magma_block":39,"minecraft:moss_block":1,"minecraft:soul_sand":57,"minecraft:brown_mushroom":3,"minecraft:diamond_axe":5,"minecraft:oak_log":187,"minecraft:ender_pearl":554,"minecraft:nether_star":1,"minecraft:dark_oak_sapling":124,"minecraft:leather":40,"minecraft:flint":5,"minecraft:cracked_polished_blackstone_bricks":78,"minecraft:dark_oak_log":44,"minecraft:mace":1,"minecraft:polished_blackstone_brick_stairs":1,"minecraft:cornflower":82,"minecraft:furnace_minecart":1,"minecraft:polished_blackstone_bricks":137,"minecraft:birch_log":176,"minecraft:gold_ingot":472,"minecraft:gravel":813,"minecraft:white_tulip":119,"minecraft:blackstone":379,"minecraft:chiseled_tuff_bricks":3,"minecraft:pointed_dripstone":21,"minecraft:diamond_shovel":1,"minecraft:cooked_mutton":11,"minecraft:honey_bottle":4,"minecraft:carrot":2413,"minecraft:music_disc_creator":1,"minecraft:poppy":142,"minecraft:trident":1,"minecraft:gunpowder":7,"minecraft:chest":4,"minecraft:lingering_potion":2,"minecraft:iron_ore":10,"minecraft:basalt":27,"minecraft:arrow":167,"minecraft:quartz":897,"minecraft:oak_leaves":7,"minecraft:splash_potion":1,"minecraft:netherrack":5027,"minecraft:water_bucket":3,"minecraft:bread":1,"minecraft:oak_slab":9,"minecraft:golden_helmet":2,"minecraft:lilac":53,"minecraft:mossy_cobblestone":11,"minecraft:minecart":7,"minecraft:bookshelf":8,"minecraft:diamond_leggings":4,"minecraft:netherite_axe":1,"minecraft:golden_axe":4,"minecraft:lead":4,"minecraft:spectral_arrow":239,"minecraft:polished_tuff":7,"minecraft:grass_block":295,"minecraft:flow_armor_trim_smithing_template":2,"minecraft:stick":33474,"minecraft:iron_block":2,"minecraft:diorite":92,"minecraft:nether_gold_ore":5,"minecraft:torch":11,"minecraft:iron_door":2,"minecraft:map":22,"minecraft:waxed_oxidized_copper":1,"minecraft:fire_charge":16,"minecraft:iron_leggings":3,"minecraft:iron_axe":6,"minecraft:flow_banner_pattern":3,"minecraft:pink_petals":3,"minecraft:bucket":5,"minecraft:dandelion":164,"minecraft:redstone":2,"minecraft:anvil":1,"minecraft:tuff_bricks":14,"minecraft:oak_trapdoor":1,"minecraft:raw_copper":263,"minecraft:tuff":381,"minecraft:composter":2,"minecraft:raw_iron":24,"minecraft:light_gray_wool":1,"minecraft:iron_hoe":2,"minecraft:stripped_oak_log":29,"minecraft:ender_eye":3,"minecraft:totem_of_undying":1,"minecraft:shulker_box":2,"minecraft:glass_pane":6,"minecraft:flint_and_steel":3,"minecraft:copper_ore":71,"minecraft:filled_map":5,"minecraft:shield":7,"minecraft:trial_key":3,"minecraft:oak_button":1,"minecraft:diamond_chestplate":10,"minecraft:iron_chestplate":5,"minecraft:andesite":2,"minecraft:golden_leggings":5,"minecraft:oak_sapling":884,"minecraft:golden_sword":3,"minecraft:spruce_log":516,"minecraft:diamond_boots":5,"minecraft:slime_ball":1,"minecraft:wooden_pickaxe":2,"minecraft:nether_quartz_ore":168,"minecraft:magma_cream":3,"minecraft:waxed_oxidized_copper_grate":3,"minecraft:brick":113}},"DataVersion":3953}