{"stats":{"minecraft:dropped":{"minecraft:iron_sword":4,"minecraft:ominous_bottle":1,"minecraft:lapis_lazuli":60,"minecraft:cooked_beef":101,"minecraft:glass_bottle":4,"minecraft:diamond":22,"minecraft:crafting_table":3,"minecraft:cooked_porkchop":18,"minecraft:crossbow":10,"minecraft:dark_oak_slab":46,"minecraft:orange_tulip":180,"minecraft:fletching_table":5,"minecraft:saddle":6,"minecraft:elytra":1,"minecraft:rail":27,"minecraft:music_disc_creator_music_box":1,"minecraft:emerald":27,"minecraft:gold_block":7,"minecraft:dirt":1395,"minecraft:gold_nugget":19,"minecraft:sunflower":26,"minecraft:bone_block":4,"minecraft:sand":70,"minecraft:bolt_armor_trim_smithing_template":2,"minecraft:sugar":2,"minecraft:iron_pickaxe":3,"minecraft:dark_oak_planks":2561,"minecraft:white_wool":26,"minecraft:bone":151,"minecraft:oak_door":7,"minecraft:magenta_banner":5,"minecraft:emerald_block":1,"minecraft:sugar_cane":5,"minecraft:ancient_debris":14,"minecraft:iron_nugget":7,"minecraft:cooked_chicken":8,"minecraft:cobbled_deepslate":449,"minecraft:nether_brick":150,"minecraft:birch_sapling":182,"minecraft:netherite_sword":1,"minecraft:wheat":16,"minecraft:obsidian":40,"minecraft:rotten_flesh":174,"minecraft:oak_planks":53,"minecraft:enchanted_golden_apple":1,"minecraft:glowstone_dust":3,"minecraft:end_stone":140,"minecraft:azure_bluet":48,"minecraft:waxed_copper_block":8,"minecraft:wind_charge":9,"minecraft:tipped_arrow":122,"minecraft:coal_ore":81,"minecraft:quartz_block":16,"minecraft:hopper":2,"minecraft:end_stone_bricks":4,"minecraft:beef":130,"minecraft:podzol":1132,"minecraft:lectern":8,"minecraft:egg":149,"minecraft:enchanted_book":7,"minecraft:golden_boots":1,"minecraft:iron_ingot":26,"minecraft:netherite_pickaxe":2,"minecraft:wheat_seeds":1272,"minecraft:dripstone_block":5,"minecraft:deepslate_diamond_ore":2,"minecraft:oak_fence":34,"minecraft:iron_helmet":4,"minecraft:feather":1575,"minecraft:cobblestone":879,"minecraft:book":9,"minecraft:waxed_copper_grate":4,"minecraft:apple":127,"minecraft:granite":265,"minecraft:coal":484,"minecraft:end_rod":2,"minecraft:oxeye_daisy":155,"minecraft:lava_bucket":1,"minecraft:gray_wool":1,"minecraft:golden_carrot":18,"minecraft:waxed_weathered_copper_bulb":1,"minecraft:rose_bush":58,"minecraft:diamond_helmet":5,"minecraft:potion":6,"minecraft:oak_stairs":10,"minecraft:pumpkin":8,"minecraft:white_banner":27,"minecraft:iron_shovel":2,"minecraft:paper":179,"minecraft:string":132,"minecraft:spruce_sapling":494,"minecraft:pink_tulip":46,"minecraft:purpur_pillar":1,"minecraft:stone_sword":4,"minecraft:dark_oak_sign":18,"minecraft:deepslate":1034,"minecraft:chicken":91,"minecraft:white_carpet":5,"minecraft:iron_boots":4,"minecraft:stone_slab":45,"minecraft:nether_bricks":11,"minecraft:oak_sign":9,"minecraft:shears":1,"minecraft:lily_of_the_valley":33,"minecraft:diamond_sword":7,"minecraft:potato":30,"minecraft:stone":1914,"minecraft:flower_pot":1,"minecraft:allium":45,"minecraft:waxed_cut_copper":2,"minecraft:peony":41,"minecraft:spruce_planks":17377,"minecraft:diamond_pickaxe":7,"minecraft:spider_eye":76,"minecraft:stone_bricks":7,"minecraft:bow":8,"minecraft:red_tulip":80,"minecraft:magma_block":39,"minecraft:soul_sand":57,"minecraft:moss_block":1,"minecraft:brown_mushroom":3,"minecraft:diamond_axe":5,"minecraft:oak_log":203,"minecraft:ender_pearl":803,"minecraft:nether_star":1,"minecraft:dark_oak_sapling":124,"minecraft:leather":40,"minecraft:flint":5,"minecraft:cracked_polished_blackstone_bricks":78,"minecraft:dark_oak_log":44,"minecraft:mace":1,"minecraft:polished_blackstone_brick_stairs":1,"minecraft:cornflower":93,"minecraft:furnace_minecart":1,"minecraft:polished_blackstone_bricks":137,"minecraft:birch_log":176,"minecraft:gold_ingot":472,"minecraft:gravel":1100,"minecraft:white_tulip":121,"minecraft:purpur_block":2,"minecraft:blackstone":379,"minecraft:chiseled_tuff_bricks":3,"minecraft:pointed_dripstone":21,"minecraft:diamond_shovel":1,"minecraft:cooked_mutton":11,"minecraft:honey_bottle":4,"minecraft:carrot":2413,"minecraft:music_disc_creator":1,"minecraft:poppy":147,"minecraft:trident":1,"minecraft:gunpowder":7,"minecraft:lingering_potion":2,"minecraft:chest":4,"minecraft:iron_ore":11,"minecraft:basalt":27,"minecraft:arrow":168,"minecraft:quartz":897,"minecraft:oak_leaves":7,"minecraft:splash_potion":1,"minecraft:netherrack":5027,"minecraft:water_bucket":3,"minecraft:bread":1,"minecraft:oak_slab":9,"minecraft:golden_helmet":2,"minecraft:lilac":55,"minecraft:mossy_cobblestone":11,"minecraft:minecart":7,"minecraft:bookshelf":8,"minecraft:diamond_leggings":4,"minecraft:netherite_axe":1,"minecraft:golden_axe":4,"minecraft:lead":4,"minecraft:spectral_arrow":239,"minecraft:polished_tuff":7,"minecraft:grass_block":949,"minecraft:flow_armor_trim_smithing_template":2,"minecraft:stick":33474,"minecraft:iron_block":2,"minecraft:diorite":325,"minecraft:nether_gold_ore":5,"minecraft:torch":11,"minecraft:iron_door":2,"minecraft:map":22,"minecraft:waxed_oxidized_copper":1,"minecraft:fire_charge":16,"minecraft:iron_leggings":3,"minecraft:iron_axe":6,"minecraft:flow_banner_pattern":3,"minecraft:pink_petals":3,"minecraft:bucket":5,"minecraft:dandelion":200,"minecraft:redstone":2,"minecraft:anvil":1,"minecraft:tuff_bricks":14,"minecraft:oak_trapdoor":4,"minecraft:raw_copper":652,"minecraft:tuff":1051,"minecraft:raw_iron":53,"minecraft:composter":2,"minecraft:light_gray_wool":1,"minecraft:iron_hoe":2,"minecraft:stripped_oak_log":29,"minecraft:ender_eye":3,"minecraft:totem_of_undying":1,"minecraft:shulker_box":2,"minecraft:glass_pane":6,"minecraft:flint_and_steel":3,"minecraft:copper_ore":78,"minecraft:filled_map":5,"minecraft:shield":7,"minecraft:trial_key":3,"minecraft:oak_button":1,"minecraft:diamond_chestplate":10,"minecraft:iron_chestplate":5,"minecraft:andesite":2,"minecraft:golden_leggings":5,"minecraft:oak_sapling":897,"minecraft:golden_sword":3,"minecraft:spruce_log":516,"minecraft:diamond_boots":5,"minecraft:slime_ball":1,"minecraft:wooden_pickaxe":2,"minecraft:nether_quartz_ore":168,"minecraft:magma_cream":3,"minecraft:waxed_oxidized_copper_grate":3,"minecraft:brick":113},"minecraft:killed":{"minecraft:shulker":61,"minecraft:skeleton":58,"minecraft:chicken":1684,"minecraft:magma_cube":19,"minecraft:salmon":5,"minecraft:iron_golem":37,"minecraft:ender_dragon":1,"minecraft:pillager":104,"minecraft:zombie":140,"minecraft:cow":407,"minecraft:evoker":6,"minecraft:vindicator":23,"minecraft:horse":2,"minecraft:wandering_trader":4,"minecraft:ravager":12,"minecraft:breeze":33,"minecraft:enderman":2833,"minecraft:witch":7,"minecraft:zombified_piglin":33,"minecraft:spider":82,"minecraft:wither":1,"minecraft:silverfish":24,"minecraft:piglin_brute":12,"minecraft:piglin":18,"minecraft:pig":107,"minecraft:zombie_villager":2,"minecraft:creeper":87,"minecraft:sheep":119,"minecraft:trader_llama":6,"minecraft:ghast":4,"minecraft:stray":25,"minecraft:blaze":28,"minecraft:armadillo":1,"minecraft:vex":4,"minecraft:bogged":74,"minecraft:slime":548,"minecraft:phantom":1,"minecraft:bat":1,"minecraft:hoglin":3,"minecraft:wither_skeleton":58},"minecraft:crafted":{"minecraft:ender_chest":1,"minecraft:blaze_powder":32,"minecraft:chain":1,"minecraft:wolf_armor":2,"minecraft:diamond_shovel":3,"minecraft:bookshelf":62,"minecraft:cooked_mutton":21,"minecraft:shulker_box":23,"minecraft:glass":28,"minecraft:mace":1,"minecraft:quartz_block":80,"minecraft:diamond_helmet":4,"minecraft:diamond_leggings":3,"minecraft:netherite_boots":1,"minecraft:tipped_arrow":50,"minecraft:furnace_minecart":3,"minecraft:emerald":3386,"minecraft:cooked_porkchop":5,"minecraft:diamond_axe":2,"minecraft:smithing_table":1,"minecraft:copper_ingot":10,"minecraft:hay_block":13,"minecraft:cartography_table":2,"minecraft:lectern":4,"minecraft:stone_slab":6,"minecraft:compass":7,"minecraft:iron_pickaxe":6,"minecraft:iron_block":155,"minecraft:gold_ingot":359,"minecraft:netherite_ingot":9,"minecraft:jukebox":1,"minecraft:iron_nugget":9,"minecraft:wind_charge":232,"minecraft:bone_meal":360,"minecraft:stone_pickaxe":3,"minecraft:diamond_boots":4,"minecraft:dark_oak_planks":15424,"minecraft:allium":1,"minecraft:wheat":1530,"minecraft:enchanting_table":2,"minecraft:enchanted_book":43,"minecraft:oak_stairs":176,"minecraft:iron_shovel":2,"minecraft:iron_leggings":4,"minecraft:white_bed":50,"minecraft:grindstone":1,"minecraft:oak_planks":2144,"minecraft:magenta_banner":5,"minecraft:dark_oak_boat":3,"minecraft:stone":34,"minecraft:quartz_pillar":64,"minecraft:hopper":12,"minecraft:iron_boots":4,"minecraft:chest":171,"minecraft:flow_armor_trim_smithing_template":6,"minecraft:netherite_upgrade_smithing_template":18,"minecraft:rail":320,"minecraft:bricks":7,"minecraft:stone_hoe":1,"minecraft:ender_eye":21,"minecraft:stone_bricks":1548,"minecraft:oak_fence":138,"minecraft:smoker":3,"minecraft:dropper":5,"minecraft:oak_slab":186,"minecraft:map":35,"minecraft:crafting_table":16,"minecraft:spruce_planks":27748,"minecraft:wooden_pickaxe":2,"minecraft:iron_helmet":4,"minecraft:brush":4,"minecraft:gold_block":23,"minecraft:dark_oak_slab":12,"minecraft:book":47,"minecraft:iron_chestplate":4,"minecraft:paper":1419,"minecraft:diamond_pickaxe":4,"minecraft:emerald_block":82,"minecraft:shield":5,"minecraft:stick":83466,"minecraft:iron_ingot":2443,"minecraft:stone_sword":1,"minecraft:shears":3,"minecraft:mangrove_propagule":3,"minecraft:redstone":288,"minecraft:raw_iron":315,"minecraft:coal":54,"minecraft:furnace":8,"minecraft:dark_oak_sign":18,"minecraft:glass_pane":64,"minecraft:diamond_block":8,"minecraft:oak_trapdoor":24,"minecraft:flint_and_steel":1,"minecraft:netherite_leggings":1,"minecraft:iron_axe":3,"minecraft:iron_hoe":1,"minecraft:filled_map":3,"minecraft:netherite_scrap":36,"minecraft:observer":2,"minecraft:minecart":9,"minecraft:cooked_beef":206,"minecraft:diamond_sword":3,"minecraft:dark_oak_stairs":8,"minecraft:iron_sword":6,"minecraft:bucket":3,"minecraft:stone_axe":1,"minecraft:air":0,"minecraft:bread":23,"minecraft:anvil":3,"minecraft:torch":332,"minecraft:lapis_lazuli":45,"minecraft:diamond_chestplate":3,"minecraft:firework_rocket":633},"minecraft:broken":{"minecraft:iron_boots":1,"minecraft:iron_leggings":1,"minecraft:iron_sword":1,"minecraft:stone_sword":1,"minecraft:stone_hoe":1,"minecraft:shield":1,"minecraft:brush":4,"minecraft:iron_pickaxe":1,"minecraft:iron_helmet":1,"minecraft:iron_shovel":2,"minecraft:stone_pickaxe":2},"minecraft:killed_by":{"minecraft:bogged":2,"minecraft:zombie":1,"minecraft:creeper":1,"minecraft:iron_golem":1},"minecraft:picked_up":{"minecraft:iron_chestplate":5,"minecraft:flower_pot":1,"minecraft:anvil":6,"minecraft:lead":14,"minecraft:smithing_table":1,"minecraft:stone_slab":8,"minecraft:diamond_sword":6,"minecraft:oak_stairs":158,"minecraft:enchanted_book":13,"minecraft:brewing_stand":4,"minecraft:golden_sword":3,"minecraft:music_disc_cat":1,"minecraft:polished_blackstone_brick_stairs":1,"minecraft:string":324,"minecraft:cooked_salmon":4,"minecraft:diamond_leggings":2,"minecraft:gold_nugget":970,"minecraft:cobbled_deepslate":653,"minecraft:spruce_planks":16969,"minecraft:trial_key":24,"minecraft:enchanted_golden_apple":2,"minecraft:golden_helmet":2,"minecraft:jukebox":6,"minecraft:composter":2,"minecraft:purpur_pillar":1,"minecraft:golden_axe":4,"minecraft:waxed_weathered_copper_bulb":1,"minecraft:waxed_copper_grate":4,"minecraft:stone_sword":6,"minecraft:honey_bottle":12,"minecraft:armadillo_scute":16,"minecraft:red_tulip":80,"minecraft:iron_block":170,"minecraft:bookshelf":17,"minecraft:end_rod":2,"minecraft:white_terracotta":31,"minecraft:waxed_cut_copper":2,"minecraft:blaze_rod":60,"minecraft:birch_log":473,"minecraft:furnace_minecart":8,"minecraft:magma_block":40,"minecraft:feather":2077,"minecraft:cooked_beef":98,"minecraft:iron_door":2,"minecraft:water_bucket":7,"minecraft:smoker":14,"minecraft:flint":3,"minecraft:dark_oak_sign":1,"minecraft:diamond_helmet":3,"minecraft:glowstone_dust":5,"minecraft:moss_block":1,"minecraft:dropper":2,"minecraft:dark_oak_log":4000,"minecraft:iron_hoe":2,"minecraft:deepslate":1090,"minecraft:granite":293,"minecraft:bread":1,"minecraft:music_disc_precipice":1,"minecraft:ominous_trial_key":16,"minecraft:diamond_pickaxe":6,"minecraft:music_disc_5":1,"minecraft:crafting_table":22,"minecraft:bee_nest":15,"minecraft:ominous_bottle":12,"minecraft:nether_wart":33,"minecraft:music_disc_creator":3,"minecraft:purpur_block":8,"minecraft:wind_charge":166,"minecraft:cornflower":95,"minecraft:elytra":3,"minecraft:flow_banner_pattern":3,"minecraft:flint_and_steel":1,"minecraft:white_carpet":6,"minecraft:iron_shovel":6,"minecraft:glass_pane":1,"minecraft:cartography_table":2,"minecraft:netherite_sword":1,"minecraft:deepslate_diamond_ore":47,"minecraft:music_disc_otherside":19,"minecraft:beef":1153,"minecraft:iron_nugget":182,"minecraft:poppy":148,"minecraft:minecart":50,"minecraft:guster_pottery_sherd":7,"minecraft:chest":17,"minecraft:birch_sapling":184,"minecraft:waxed_oxidized_copper":1,"minecraft:egg":5558,"minecraft:copper_ore":79,"minecraft:stone":8896,"minecraft:oak_door":13,"minecraft:music_disc_mellohi":1,"minecraft:fire_charge":42,"minecraft:flow_pottery_sherd":1,"minecraft:mace":1,"minecraft:carrot":1036,"minecraft:redstone":673,"minecraft:netherite_pickaxe":2,"minecraft:music_disc_creator_music_box":9,"minecraft:diamond_chestplate":7,"minecraft:decorated_pot":1,"minecraft:peony":41,"minecraft:shears":1,"minecraft:diamond_boots":2,"minecraft:hay_block":170,"minecraft:flow_armor_trim_smithing_template":6,"minecraft:gold_ingot":270,"minecraft:totem_of_undying":10,"minecraft:tuff_bricks":42,"minecraft:mutton":132,"minecraft:white_wool":247,"minecraft:rail":350,"minecraft:oxeye_daisy":158,"minecraft:stripped_oak_log":65,"minecraft:filled_map":3,"minecraft:oak_log":2691,"minecraft:ancient_debris":43,"minecraft:golden_boots":1,"minecraft:paper":55,"minecraft:white_banner":28,"minecraft:apple":156,"minecraft:stone_bricks":95,"minecraft:stone_pickaxe":1,"minecraft:iron_ore":29,"minecraft:glass_bottle":3,"minecraft:iron_sword":5,"minecraft:dark_oak_stairs":1,"minecraft:gravel":1173,"minecraft:spruce_sapling":915,"minecraft:spruce_log":7499,"minecraft:crying_obsidian":73,"minecraft:polished_tuff":8,"minecraft:dragon_egg":1,"minecraft:coal_ore":159,"minecraft:slime_ball":945,"minecraft:stone_axe":2,"minecraft:diamond_axe":4,"minecraft:deepslate_redstone_ore":25,"minecraft:gray_wool":1,"minecraft:oak_button":1,"minecraft:baked_potato":18,"minecraft:ender_pearl":909,"minecraft:shulker_shell":46,"minecraft:wheat":847,"minecraft:redstone_block":32,"minecraft:ender_chest":16,"minecraft:nether_brick_fence":1,"minecraft:potion":20,"minecraft:nether_brick":193,"minecraft:raw_copper":693,"minecraft:deepslate_lapis_ore":22,"minecraft:iron_leggings":4,"minecraft:oak_sign":4,"minecraft:white_tulip":121,"minecraft:rose_bush":58,"minecraft:ender_eye":5,"minecraft:iron_pickaxe":3,"minecraft:deepslate_iron_ore":1095,"minecraft:iron_boots":11,"minecraft:furnace":20,"minecraft:tipped_arrow":170,"minecraft:stick":32931,"minecraft:oak_fence":40,"minecraft:torch":138,"minecraft:porkchop":214,"minecraft:villager_spawn_egg":4,"minecraft:diorite":330,"minecraft:pointed_dripstone":21,"minecraft:music_disc_pigstep":3,"minecraft:nether_gold_ore":44,"minecraft:rotten_flesh":264,"minecraft:music_disc_wait":1,"minecraft:obsidian":92,"minecraft:cobblestone":16766,"minecraft:enchanting_table":1,"minecraft:pink_petals":3,"minecraft:lilac":55,"minecraft:magma_cream":13,"minecraft:andesite":3,"minecraft:golden_leggings":5,"minecraft:beacon":2,"minecraft:potato":31,"minecraft:tuff":1071,"minecraft:wither_skeleton_skull":3,"minecraft:lapis_lazuli":743,"minecraft:dirt":24511,"minecraft:bone":468,"minecraft:bow":8,"minecraft:wheat_seeds":3574,"minecraft:orange_tulip":180,"minecraft:raw_gold":61,"minecraft:bell":8,"minecraft:grindstone":5,"minecraft:bolt_armor_trim_smithing_template":3,"minecraft:netherite_axe":1,"minecraft:mossy_stone_bricks":4,"minecraft:fletching_table":11,"minecraft:scrape_pottery_sherd":1,"minecraft:oak_planks":624,"minecraft:cooked_porkchop":35,"minecraft:music_disc_13":2,"minecraft:sand":118,"minecraft:grass_block":25216,"minecraft:lily_of_the_valley":33,"minecraft:spectral_arrow":239,"minecraft:shulker_box":76,"minecraft:mossy_cobblestone":15,"minecraft:sugar":5,"minecraft:diamond":466,"minecraft:waxed_oxidized_copper_grate":3,"minecraft:cracked_polished_blackstone_bricks":78,"minecraft:crossbow":11,"minecraft:breeze_rod":157,"minecraft:bone_meal":105,"minecraft:emerald":299,"minecraft:oak_sapling":1217,"minecraft:netherrack":4770,"minecraft:oak_leaves":9,"minecraft:nether_star":1,"minecraft:end_stone_bricks":6,"minecraft:lingering_potion":1,"minecraft:charcoal":11,"minecraft:allium":44,"minecraft:azure_bluet":49,"minecraft:splash_potion":14,"minecraft:chicken":522,"minecraft:ladder":1,"minecraft:brown_mushroom":4,"minecraft:wooden_pickaxe":2,"minecraft:gold_block":21,"minecraft:brick":264,"minecraft:shield":7,"minecraft:oak_trapdoor":5,"minecraft:iron_axe":9,"minecraft:blackstone":471,"minecraft:observer":1,"minecraft:light_gray_wool":1,"minecraft:lectern":205,"minecraft:sugar_cane":1733,"minecraft:dark_oak_sapling":251,"minecraft:raw_iron":3963,"minecraft:end_stone":145,"minecraft:music_disc_relic":4,"minecraft:polished_blackstone_bricks":137,"minecraft:music_disc_11":2,"minecraft:trident":2,"minecraft:dark_oak_planks":2641,"minecraft:arrow":408,"minecraft:nether_bricks":11,"minecraft:pink_tulip":46,"minecraft:saddle":10,"minecraft:basalt":27,"minecraft:golden_carrot":5,"minecraft:magenta_banner":5,"minecraft:salmon":12,"minecraft:leather":701,"minecraft:waxed_copper_bulb":2,"minecraft:waxed_copper_block":12,"minecraft:yellow_bed":10,"minecraft:gunpowder":218,"minecraft:cobblestone_stairs":1,"minecraft:cooked_mutton":77,"minecraft:podzol":1124,"minecraft:iron_ingot":276,"minecraft:cooked_chicken":2396,"minecraft:soul_sand":242,"minecraft:book":137,"minecraft:oak_slab":134,"minecraft:nether_quartz_ore":172,"minecraft:emerald_block":24,"minecraft:pumpkin":8,"minecraft:heavy_core":1,"minecraft:quartz":697,"minecraft:dandelion":207,"minecraft:dripstone_block":22,"minecraft:raw_iron_block":64,"minecraft:lava_bucket":1,"minecraft:white_bed":36,"minecraft:spider_eye":81,"minecraft:iron_helmet":5,"minecraft:coal":1670,"minecraft:chiseled_tuff_bricks":3,"minecraft:sunflower":27},"minecraft:mined":{"minecraft:dark_oak_planks":15,"minecraft:white_bed":36,"minecraft:obsidian":59,"minecraft:granite":310,"minecraft:purpur_slab":1,"minecraft:chiseled_tuff_bricks":3,"minecraft:hopper":1,"minecraft:oxeye_daisy":63,"minecraft:nether_wart":20,"minecraft:spawner":2,"minecraft:polished_blackstone_bricks":69,"minecraft:tall_seagrass":7,"minecraft:magma_block":126,"minecraft:cobbled_deepslate":12,"minecraft:fire":614,"minecraft:pumpkin":14,"minecraft:deepslate_lapis_ore":48,"minecraft:fletching_table":11,"minecraft:enchanting_table":1,"minecraft:dirt_path":74,"minecraft:oak_stairs":158,"minecraft:pink_tulip":46,"minecraft:white_banner":1,"minecraft:iron_block":169,"minecraft:brown_mushroom":4,"minecraft:kelp_plant":2,"minecraft:smoker":14,"minecraft:crimson_nylium":2,"minecraft:soul_fire":6,"minecraft:torch":15,"minecraft:sugar_cane":857,"minecraft:white_terracotta":31,"minecraft:waxed_copper_bulb":2,"minecraft:wheat":805,"minecraft:lilac":62,"minecraft:jukebox":6,"minecraft:waxed_copper_block":13,"minecraft:dark_oak_sapling":2,"minecraft:deepslate":2406,"minecraft:mossy_cobblestone":16,"minecraft:dark_oak_log":165,"minecraft:end_stone":126,"minecraft:shulker_box":76,"minecraft:nether_bricks":12,"minecraft:allium":49,"minecraft:kelp":2,"minecraft:cartography_table":2,"minecraft:moss_block":1,"minecraft:redstone_ore":8,"minecraft:waxed_copper_grate":2,"minecraft:andesite":3,"minecraft:rail":343,"minecraft:waxed_weathered_copper_bulb":1,"minecraft:white_wool":1,"minecraft:ender_chest":17,"minecraft:smithing_table":1,"minecraft:oak_slab":131,"minecraft:redstone_block":32,"minecraft:glass_pane":15,"minecraft:soul_sand":36,"minecraft:lily_of_the_valley":45,"minecraft:observer":1,"minecraft:dandelion":76,"minecraft:cornflower":89,"minecraft:short_grass":2195,"minecraft:emerald_ore":1,"minecraft:dropper":4,"minecraft:purpur_pillar":2,"minecraft:copper_ore":192,"minecraft:tall_grass":581,"minecraft:deepslate_gold_ore":49,"minecraft:diorite":371,"minecraft:dark_oak_wall_sign":1,"minecraft:white_carpet":6,"minecraft:spruce_log":121,"minecraft:birch_leaves":3,"minecraft:sunflower":11,"minecraft:gravel":843,"minecraft:dripstone_block":20,"minecraft:cobweb":12,"minecraft:oak_button":1,"minecraft:stone_bricks":115,"minecraft:fern":2,"minecraft:spruce_planks":1,"minecraft:oak_sapling":10,"minecraft:farmland":26,"minecraft:cobblestone_stairs":2,"minecraft:brewing_stand":3,"minecraft:grass_block":28116,"minecraft:cracked_polished_blackstone_bricks":33,"minecraft:composter":2,"minecraft:tuff_bricks":41,"minecraft:raw_iron_block":65,"minecraft:iron_ore":136,"minecraft:polished_tuff":12,"minecraft:anvil":4,"minecraft:azure_bluet":36,"minecraft:dark_oak_stairs":2,"minecraft:red_tulip":89,"minecraft:pointed_dripstone":8,"minecraft:end_stone_bricks":8,"minecraft:deepslate_redstone_ore":127,"minecraft:blackstone":62,"minecraft:clay":1,"minecraft:poppy":74,"minecraft:beacon":2,"minecraft:chest":18,"minecraft:nether_quartz_ore":414,"minecraft:cobblestone":336,"minecraft:grindstone":5,"minecraft:oak_planks":428,"minecraft:iron_door":1,"minecraft:wall_torch":26,"minecraft:seagrass":1,"minecraft:birch_log":161,"minecraft:orange_tulip":157,"minecraft:purpur_block":12,"minecraft:oak_log":962,"minecraft:waxed_oxidized_copper":1,"minecraft:sand":186,"minecraft:dirt":25557,"minecraft:netherrack":4606,"minecraft:ancient_debris":29,"minecraft:oak_leaves":133,"minecraft:emerald_block":21,"minecraft:nether_gold_ore":156,"minecraft:tuff":2178,"minecraft:dark_oak_leaves":56,"minecraft:deepslate_diamond_ore":288,"minecraft:oak_door":13,"minecraft:glow_lichen":2,"minecraft:decorated_pot":60,"minecraft:spruce_leaves":24,"minecraft:hay_block":159,"minecraft:oak_trapdoor":3,"minecraft:spruce_sapling":9,"minecraft:furnace":21,"minecraft:carrots":248,"minecraft:peony":46,"minecraft:gold_block":14,"minecraft:bell":8,"minecraft:nether_brick_fence":1,"minecraft:bookshelf":42,"minecraft:deepslate_iron_ore":2876,"minecraft:stripped_oak_log":63,"minecraft:stone":29551,"minecraft:white_tulip":117,"minecraft:podzol":663,"minecraft:magenta_stained_glass":4,"minecraft:infested_stone_bricks":3,"minecraft:basalt":6,"minecraft:oak_fence":41,"minecraft:crafting_table":17,"minecraft:rose_bush":76,"minecraft:lectern":196,"minecraft:stone_slab":6,"minecraft:lapis_ore":8,"minecraft:polished_blackstone_brick_stairs":1,"minecraft:waxed_oxidized_copper_grate":3,"minecraft:bee_nest":15,"minecraft:yellow_bed":11,"minecraft:coal_ore":771,"minecraft:end_rod":2,"minecraft:cracked_stone_bricks":1,"minecraft:mossy_stone_bricks":5},"minecraft:used":{"minecraft:tuff_bricks":19,"minecraft:heavy_core":1,"minecraft:elytra":63,"minecraft:ladder":7,"minecraft:poppy":4,"minecraft:chest":133,"minecraft:stone":186,"minecraft:soul_sand":26,"minecraft:lava_bucket":51,"minecraft:netherite_shovel":54724,"minecraft:villager_spawn_egg":10,"minecraft:grass_block":22980,"minecraft:birch_sapling":2,"minecraft:netherite_boots":6,"minecraft:bow":174,"minecraft:dark_oak_boat":3,"minecraft:ominous_bottle":8,"minecraft:oak_sapling":272,"minecraft:furnace":39,"minecraft:egg":4890,"minecraft:potato":30,"minecraft:mossy_stone_bricks":4,"minecraft:wooden_pickaxe":7,"minecraft:oak_leaves":130,"minecraft:golden_apple":3,"minecraft:glow_berries":4,"minecraft:dark_oak_trapdoor":1,"minecraft:sand":20,"minecraft:netherite_helmet":4,"minecraft:deepslate_iron_ore":1095,"minecraft:lectern":201,"minecraft:diamond_sword":985,"minecraft:fire_charge":3,"minecraft:smithing_table":2,"minecraft:oak_trapdoor":39,"minecraft:enchanting_table":3,"minecraft:stone_sword":148,"minecraft:cooked_salmon":4,"minecraft:trial_key":20,"minecraft:netherrack":548,"minecraft:torch":622,"minecraft:brewing_stand":3,"minecraft:anvil":15,"minecraft:nether_quartz_ore":45,"minecraft:iron_axe":330,"minecraft:iron_block":314,"minecraft:totem_of_undying":4,"minecraft:diamond_chestplate":1,"minecraft:beef":2,"minecraft:cobbled_deepslate":110,"minecraft:observer":3,"minecraft:wheat_seeds":957,"minecraft:water_bucket":468,"minecraft:cartography_table":4,"minecraft:fletching_table":17,"minecraft:mossy_cobblestone":3,"minecraft:rail":555,"minecraft:oak_slab":269,"minecraft:crafting_table":28,"minecraft:white_bed":184,"minecraft:spruce_log":2,"minecraft:oak_log":310,"minecraft:ender_eye":22,"minecraft:diamond_pickaxe":5791,"minecraft:oxeye_daisy":1,"minecraft:ominous_trial_key":15,"minecraft:diamond_shovel":835,"minecraft:wind_charge":187,"minecraft:mangrove_propagule":3,"minecraft:iron_pickaxe":682,"minecraft:spruce_sapling":394,"minecraft:cobblestone":574,"minecraft:potion":4,"minecraft:cooked_porkchop":10,"minecraft:glass_pane":1,"minecraft:brush":1,"minecraft:stripped_oak_log":9,"minecraft:dandelion":2,"minecraft:jukebox":19,"minecraft:iron_shovel":669,"minecraft:oak_sign":14,"minecraft:decorated_pot":1,"minecraft:shield":225,"minecraft:iron_sword":553,"minecraft:bell":8,"minecraft:carrot":410,"minecraft:furnace_minecart":8,"minecraft:tuff":20,"minecraft:obsidian":45,"minecraft:coal_ore":12,"minecraft:bricks":7,"minecraft:lantern":8,"minecraft:iron_helmet":3,"minecraft:stone_bricks":1643,"minecraft:deepslate_diamond_ore":45,"minecraft:reinforced_deepslate":8,"minecraft:vault":2,"minecraft:magma_block":1,"minecraft:hay_block":1,"minecraft:dark_oak_sapling":94,"minecraft:dark_oak_stairs":2,"minecraft:dropper":7,"minecraft:wither_skeleton_skull":3,"minecraft:stone_pickaxe":272,"minecraft:dark_oak_sign":1,"minecraft:oak_planks":979,"minecraft:ender_pearl":135,"minecraft:redstone_block":42,"minecraft:sugar_cane":106,"minecraft:diamond_axe":683,"minecraft:blue_bed":1,"minecraft:netherite_leggings":1,"minecraft:deepslate_redstone_ore":25,"minecraft:lingering_potion":1,"minecraft:dripstone_block":9,"minecraft:end_stone":5,"minecraft:deepslate_lapis_ore":22,"minecraft:polished_tuff":1,"minecraft:lever":1,"minecraft:firework_rocket":711,"minecraft:mace":18,"minecraft:bread":18,"minecraft:barrier":7,"minecraft:deepslate":61,"minecraft:gravel":2,"minecraft:grindstone":6,"minecraft:chain":1,"minecraft:bone_meal":334,"minecraft:oak_fence":197,"minecraft:netherite_sword":2774,"minecraft:trident":59,"minecraft:flint_and_steel":34,"minecraft:redstone":3,"minecraft:spruce_planks":24,"minecraft:ender_chest":17,"minecraft:stone_hoe":140,"minecraft:cooked_chicken":407,"minecraft:oak_door":5,"minecraft:dirt":3490,"minecraft:white_carpet":143,"minecraft:hopper":22,"minecraft:diamond_helmet":4,"minecraft:shulker_box":78,"minecraft:raw_iron_block":29,"minecraft:granite":1,"minecraft:iron_hoe":179,"minecraft:dark_oak_planks":227,"minecraft:bookshelf":73,"minecraft:oak_stairs":418,"minecraft:iron_boots":1,"minecraft:golden_carrot":1,"minecraft:emerald_block":40,"minecraft:netherite_pickaxe":40004,"minecraft:minecart":43,"minecraft:cooked_beef":175,"minecraft:iron_leggings":4,"minecraft:cooked_mutton":26,"minecraft:cobblestone_stairs":2,"minecraft:netherite_chestplate":64,"minecraft:baked_potato":16,"minecraft:brown_mushroom":1,"minecraft:beacon":3,"minecraft:waxed_copper_block":3,"minecraft:smoker":17,"minecraft:nether_gold_ore":39,"minecraft:command_block":5,"minecraft:map":1,"minecraft:netherite_axe":1679,"minecraft:stone_slab":32,"minecraft:stone_axe":103,"minecraft:white_banner":1,"minecraft:bucket":519,"minecraft:yellow_bed":11},"minecraft:custom":{"minecraft:interact_with_crafting_table":284,"minecraft:open_barrel":8,"minecraft:bell_ring":217,"minecraft:leave_game":40,"minecraft:time_since_death":4235597,"minecraft:damage_blocked_by_shield":7046,"minecraft:play_time":4792074,"minecraft:deaths":7,"minecraft:jump":35478,"minecraft:enchant_item":150,"minecraft:interact_with_furnace":618,"minecraft:play_record":42,"minecraft:traded_with_villager":3111,"minecraft:interact_with_cartography_table":3,"minecraft:sleep_in_bed":106,"minecraft:damage_dealt":284824,"minecraft:interact_with_smoker":20,"minecraft:use_cauldron":2,"minecraft:inspect_dispenser":2,"minecraft:horse_one_cm":146698,"minecraft:interact_with_smithing_table":16,"minecraft:inspect_dropper":9,"minecraft:interact_with_anvil":108,"minecraft:inspect_hopper":9,"minecraft:sneak_time":151300,"minecraft:total_world_time":4792074,"minecraft:interact_with_stonecutter":1,"minecraft:time_since_rest":466395,"minecraft:swim_one_cm":69939,"minecraft:fly_one_cm":17741763,"minecraft:open_chest":2626,"minecraft:fall_one_cm":1090350,"minecraft:animals_bred":2110,"minecraft:open_shulker_box":409,"minecraft:sprint_one_cm":8122869,"minecraft:drop":3134,"minecraft:talked_to_villager":1029,"minecraft:interact_with_brewingstand":2,"minecraft:walk_on_water_one_cm":300090,"minecraft:open_enderchest":126,"minecraft:interact_with_beacon":6,"minecraft:player_kills":14,"minecraft:crouch_one_cm":530597,"minecraft:mob_kills":6826,"minecraft:interact_with_campfire":4,"minecraft:damage_dealt_resisted":828,"minecraft:climb_one_cm":9185,"minecraft:walk_one_cm":9311934,"minecraft:raid_win":7,"minecraft:walk_under_water_one_cm":134363,"minecraft:boat_one_cm":78923,"minecraft:raid_trigger":7,"minecraft:interact_with_grindstone":145,"minecraft:damage_taken":38639,"minecraft:damage_absorbed":151,"minecraft:minecart_one_cm":2259,"minecraft:aviate_one_cm":18316729}},"DataVersion":3953}