{"stats":{"minecraft:dropped":{"minecraft:water_bucket":1,"minecraft:cobblestone":79,"minecraft:feather":2,"minecraft:dark_oak_log":2,"minecraft:spruce_sapling":1,"minecraft:cobbled_deepslate":1,"minecraft:chicken":1,"minecraft:rotten_flesh":2,"minecraft:waxed_copper_block":1,"minecraft:tipped_arrow":5,"minecraft:oak_sapling":1,"minecraft:spruce_log":3,"minecraft:egg":3},"minecraft:mined":{"minecraft:tuff":13,"minecraft:spruce_planks":1,"minecraft:white_bed":3,"minecraft:farmland":1,"minecraft:pink_bed":2,"minecraft:deepslate_diamond_ore":70,"minecraft:cherry_log":6,"minecraft:cherry_sapling":1,"minecraft:dark_oak_log":2,"minecraft:spruce_trapdoor":8,"minecraft:granite":70,"minecraft:cobbled_deepslate_slab":2,"minecraft:grass_block":16,"minecraft:spruce_leaves":10,"minecraft:spruce_sapling":10,"minecraft:cobbled_deepslate":1,"minecraft:dirt_path":6,"minecraft:stone":384,"minecraft:spruce_slab":9,"minecraft:podzol":3,"minecraft:cherry_planks":3,"minecraft:crafting_table":2,"minecraft:torch":5,"minecraft:short_grass":18,"minecraft:poppy":1,"minecraft:chest":2,"minecraft:tall_grass":7,"minecraft:cobblestone":6,"minecraft:sugar_cane":65,"minecraft:wall_torch":28,"minecraft:cherry_slab":2,"minecraft:pink_petals":1,"minecraft:birch_log":68,"minecraft:lilac":1,"minecraft:spruce_log":82,"minecraft:oak_log":57,"minecraft:coal_ore":21,"minecraft:dirt":76,"minecraft:netherrack":36,"minecraft:ancient_debris":1,"minecraft:oak_leaves":4,"minecraft:deepslate":176},"minecraft:used":{"minecraft:cherry_sapling":10,"minecraft:spruce_slab":48,"minecraft:ladder":6,"minecraft:chest":6,"minecraft:spruce_planks":154,"minecraft:iron_sword":24,"minecraft:stone_hoe":8,"minecraft:netherrack":35,"minecraft:torch":54,"minecraft:dirt":85,"minecraft:white_carpet":6,"minecraft:salmon_bucket":2,"minecraft:iron_axe":188,"minecraft:cherry_slab":4,"minecraft:item_frame":10,"minecraft:beef":4,"minecraft:furnace":4,"minecraft:egg":7,"minecraft:cooked_beef":26,"minecraft:dragon_head":1,"minecraft:cobbled_deepslate":3,"minecraft:cooked_mutton":12,"minecraft:water_bucket":17,"minecraft:oak_planks":6,"minecraft:ender_pearl":7,"minecraft:cherry_planks":55,"minecraft:spruce_sign":6,"minecraft:diamond_axe":78,"minecraft:crafting_table":4,"minecraft:white_bed":4,"minecraft:spruce_log":50,"minecraft:diamond_pickaxe":782,"minecraft:diamond_shovel":115,"minecraft:spruce_trapdoor":8,"minecraft:spruce_sapling":15,"minecraft:pink_bed":2,"minecraft:diamond_sword":70,"minecraft:cobblestone":43,"minecraft:cobbled_deepslate_slab":24,"minecraft:bucket":20},"minecraft:crafted":{"minecraft:cherry_planks":256,"minecraft:cobbled_deepslate_slab":30,"minecraft:oak_planks":276,"minecraft:cherry_slab":6,"minecraft:pink_bed":1,"minecraft:furnace":4,"minecraft:pink_dye":3,"minecraft:white_carpet":6,"minecraft:iron_axe":1,"minecraft:ladder":12,"minecraft:spruce_slab":54,"minecraft:chest":4,"minecraft:stone_hoe":1,"minecraft:cooked_beef":15,"minecraft:red_dye":1,"minecraft:item_frame":7,"minecraft:emerald":17,"minecraft:spruce_sign":6,"minecraft:crafting_table":2,"minecraft:spruce_planks":272,"minecraft:bucket":1,"minecraft:air":0,"minecraft:spruce_trapdoor":8,"minecraft:book":1,"minecraft:paper":3,"minecraft:pink_wool":3,"minecraft:stick":492,"minecraft:iron_ingot":9,"minecraft:white_bed":1,"minecraft:torch":20},"minecraft:killed":{"minecraft:spider":1,"minecraft:skeleton":5,"minecraft:chicken":1,"minecraft:drowned":1,"minecraft:iron_golem":1,"minecraft:zombie":1,"minecraft:cow":2,"minecraft:enderman":127},"minecraft:custom":{"minecraft:mob_kills":140,"minecraft:interact_with_crafting_table":27,"minecraft:open_shulker_box":26,"minecraft:bell_ring":3,"minecraft:leave_game":7,"minecraft:time_since_death":7515,"minecraft:climb_one_cm":9978,"minecraft:sprint_one_cm":743531,"minecraft:walk_one_cm":517256,"minecraft:drop":24,"minecraft:talked_to_villager":35,"minecraft:play_time":246822,"minecraft:deaths":5,"minecraft:sneak_time":11461,"minecraft:walk_under_water_one_cm":48523,"minecraft:jump":4039,"minecraft:walk_on_water_one_cm":46770,"minecraft:total_world_time":246822,"minecraft:interact_with_furnace":10,"minecraft:traded_with_villager":17,"minecraft:sleep_in_bed":3,"minecraft:time_since_rest":8313,"minecraft:open_enderchest":1,"minecraft:damage_taken":3509,"minecraft:damage_dealt":2747,"minecraft:swim_one_cm":132072,"minecraft:fly_one_cm":1458179,"minecraft:open_chest":98,"minecraft:crouch_one_cm":28672,"minecraft:interact_with_smoker":2,"minecraft:fall_one_cm":106273,"minecraft:horse_one_cm":47499},"minecraft:killed_by":{"minecraft:endermite":1,"minecraft:spider":1,"minecraft:zombie":1},"minecraft:picked_up":{"minecraft:crafting_table":2,"minecraft:iron_chestplate":1,"minecraft:chicken":2,"minecraft:diamond_sword":1,"minecraft:raw_copper":24,"minecraft:iron_leggings":1,"minecraft:item_frame":4,"minecraft:white_carpet":1,"minecraft:diamond_leggings":1,"minecraft:cobbled_deepslate":176,"minecraft:spruce_planks":1,"minecraft:beef":110,"minecraft:poppy":1,"minecraft:iron_pickaxe":1,"minecraft:spruce_slab":9,"minecraft:sugar_cane":121,"minecraft:chest":2,"minecraft:birch_sapling":8,"minecraft:spruce_trapdoor":8,"minecraft:phantom_membrane":2,"minecraft:iron_boots":1,"minecraft:egg":28,"minecraft:tipped_arrow":10,"minecraft:stick":100,"minecraft:copper_ingot":1,"minecraft:torch":35,"minecraft:cherry_log":84,"minecraft:diamond_chestplate":1,"minecraft:arrow":1,"minecraft:rotten_flesh":5,"minecraft:diamond_boots":1,"minecraft:iron_block":1,"minecraft:white_wool":29,"minecraft:cobblestone":462,"minecraft:birch_log":79,"minecraft:pink_petals":6,"minecraft:feather":14,"minecraft:lilac":1,"minecraft:cherry_planks":3,"minecraft:water_bucket":1,"minecraft:leather":63,"minecraft:tuff":13,"minecraft:oak_log":164,"minecraft:waxed_copper_block":1,"minecraft:ancient_debris":1,"minecraft:dirt":170,"minecraft:bone":5,"minecraft:apple":3,"minecraft:wheat_seeds":7,"minecraft:cobbled_deepslate_slab":4,"minecraft:iron_ingot":3,"minecraft:diamond_helmet":1,"minecraft:iron_sword":1,"minecraft:pink_bed":2,"minecraft:dandelion":1,"minecraft:spruce_sapling":59,"minecraft:grass_block":25,"minecraft:white_bed":3,"minecraft:spruce_log":377,"minecraft:dark_oak_log":2,"minecraft:diamond_shovel":1,"minecraft:diamond":70,"minecraft:iron_helmet":1,"minecraft:granite":70,"minecraft:diamond_axe":1,"minecraft:cherry_sapling":53,"minecraft:coal":21,"minecraft:oak_sapling":40,"minecraft:cherry_slab":2,"minecraft:netherrack":35,"minecraft:diamond_pickaxe":1,"minecraft:ender_pearl":22}},"DataVersion":3953}