{"stats":{"minecraft:killed":{"minecraft:cave_spider":3,"minecraft:witch":3,"minecraft:spider":6,"minecraft:skeleton":10,"minecraft:chicken":7,"minecraft:silverfish":1,"minecraft:pig":1,"minecraft:iron_golem":4,"minecraft:creeper":1,"minecraft:sheep":28,"minecraft:pillager":12,"minecraft:zombie":16,"minecraft:cow":3,"minecraft:evoker":2,"minecraft:vex":4,"minecraft:enderman":23},"minecraft:custom":{"minecraft:animals_bred":4,"minecraft:interact_with_crafting_table":63,"minecraft:open_shulker_box":30,"minecraft:bell_ring":15,"minecraft:leave_game":24,"minecraft:time_since_death":6682,"minecraft:sprint_one_cm":1824210,"minecraft:damage_blocked_by_shield":4067,"minecraft:drop":236,"minecraft:talked_to_villager":30,"minecraft:play_time":627413,"minecraft:deaths":35,"minecraft:jump":11852,"minecraft:interact_with_brewingstand":1,"minecraft:walk_on_water_one_cm":52565,"minecraft:interact_with_furnace":63,"minecraft:traded_with_villager":3,"minecraft:sleep_in_bed":18,"minecraft:open_enderchest":1,"minecraft:damage_dealt":26518,"minecraft:crouch_one_cm":42876,"minecraft:interact_with_smoker":2,"minecraft:use_cauldron":1,"minecraft:interact_with_smithing_table":1,"minecraft:mob_kills":149,"minecraft:interact_with_campfire":23,"minecraft:climb_one_cm":15370,"minecraft:walk_one_cm":1102274,"minecraft:raid_win":2,"minecraft:sneak_time":13293,"minecraft:walk_under_water_one_cm":39768,"minecraft:boat_one_cm":84948,"minecraft:interact_with_blast_furnace":20,"minecraft:total_world_time":627413,"minecraft:interact_with_grindstone":1,"minecraft:interact_with_stonecutter":26,"minecraft:time_since_rest":6712,"minecraft:damage_taken":19420,"minecraft:damage_absorbed":51,"minecraft:swim_one_cm":35745,"minecraft:fly_one_cm":2668295,"minecraft:open_chest":147,"minecraft:aviate_one_cm":82096,"minecraft:fall_one_cm":325647},"minecraft:broken":{"minecraft:golden_leggings":1,"minecraft:stone_pickaxe":3,"minecraft:diamond_pickaxe":3,"minecraft:iron_pickaxe":1},"minecraft:mined":{"minecraft:dark_oak_planks":4,"minecraft:spruce_planks":1,"minecraft:oak_sapling":1,"minecraft:cobbled_deepslate_stairs":6,"minecraft:cherry_log":13,"minecraft:granite":70,"minecraft:grass_block":76,"minecraft:chiseled_tuff_bricks":3,"minecraft:iron_ore":47,"minecraft:cobbled_deepslate":32,"minecraft:polished_tuff":72,"minecraft:deepslate_lapis_ore":28,"minecraft:azure_bluet":2,"minecraft:pointed_dripstone":22,"minecraft:deepslate_redstone_ore":54,"minecraft:amethyst_cluster":2,"minecraft:torch":37,"minecraft:blast_furnace":2,"minecraft:calcite":12,"minecraft:cobblestone":44,"minecraft:oak_planks":2,"minecraft:wall_torch":23,"minecraft:amethyst_block":8,"minecraft:pink_petals":15,"minecraft:oak_log":32,"minecraft:dirt":50,"minecraft:smooth_basalt":9,"minecraft:stonecutter":6,"minecraft:oak_leaves":14,"minecraft:deepslate":3328,"minecraft:polished_tuff_stairs":26,"minecraft:diamond_ore":2,"minecraft:tuff":577,"minecraft:mossy_cobblestone":3,"minecraft:deepslate_diamond_ore":42,"minecraft:dark_oak_log":3,"minecraft:end_stone":224,"minecraft:ladder":7,"minecraft:furnace":3,"minecraft:carrots":5,"minecraft:andesite":107,"minecraft:deepslate_iron_ore":27,"minecraft:rail":3,"minecraft:stripped_oak_log":2,"minecraft:chorus_plant":4,"minecraft:stone":851,"minecraft:glass_pane":1,"minecraft:dandelion":1,"minecraft:crafting_table":8,"minecraft:short_grass":51,"minecraft:tall_grass":5,"minecraft:copper_ore":24,"minecraft:lapis_ore":10,"minecraft:deepslate_gold_ore":56,"minecraft:diorite":132,"minecraft:coal_ore":46,"minecraft:cherry_leaves":3,"minecraft:gravel":54,"minecraft:dripstone_block":58,"minecraft:cobweb":23},"minecraft:killed_by":{"minecraft:vindicator":4,"minecraft:zombie":3,"minecraft:player":13,"minecraft:enderman":2,"minecraft:iron_golem":3,"minecraft:ender_dragon":2,"minecraft:skeleton":4},"minecraft:crafted":{"minecraft:smooth_stone":6,"minecraft:oak_planks":76,"minecraft:stone":11,"minecraft:cobblestone_stairs":1,"minecraft:diamond_helmet":2,"minecraft:bow":1,"minecraft:diamond_leggings":1,"minecraft:chest":2,"minecraft:deepslate":18,"minecraft:arrow":32,"minecraft:cauldron":7,"minecraft:crafting_table":3,"minecraft:brush":1,"minecraft:copper_ingot":4,"minecraft:campfire":1,"minecraft:diamond_pickaxe":4,"minecraft:shield":2,"minecraft:stick":80,"minecraft:iron_ingot":66,"minecraft:iron_pickaxe":1,"minecraft:stone_sword":1,"minecraft:chiseled_tuff_bricks":5,"minecraft:shears":1,"minecraft:cherry_planks":12,"minecraft:spyglass":1,"minecraft:furnace":4,"minecraft:blast_furnace":2,"minecraft:polished_tuff_stairs":15,"minecraft:iron_axe":1,"minecraft:ladder":6,"minecraft:stone_pickaxe":3,"minecraft:cobbled_deepslate_stairs":9,"minecraft:diamond_sword":1,"minecraft:bucket":2,"minecraft:air":0,"minecraft:iron_shovel":1,"minecraft:stonecutter":1,"minecraft:white_bed":2,"minecraft:torch":120,"minecraft:diamond_chestplate":1},"minecraft:picked_up":{"minecraft:diamond_sword":10,"minecraft:oak_stairs":1,"minecraft:golden_sword":2,"minecraft:amethyst_block":8,"minecraft:string":28,"minecraft:raw_copper":104,"minecraft:cooked_salmon":1,"minecraft:polished_tuff_stairs":26,"minecraft:diamond_leggings":9,"minecraft:cobbled_deepslate":4331,"minecraft:bucket":1,"minecraft:spruce_planks":1,"minecraft:ender_eye":1,"minecraft:calcite":12,"minecraft:iron_pickaxe":1,"minecraft:furnace":6,"minecraft:stick":58,"minecraft:torch":347,"minecraft:porkchop":2,"minecraft:cherry_log":20,"minecraft:pointed_dripstone":68,"minecraft:diorite":247,"minecraft:stone_sword":19,"minecraft:rotten_flesh":27,"minecraft:obsidian":1,"minecraft:cobblestone":2227,"minecraft:pink_petals":90,"minecraft:cooked_beef":434,"minecraft:feather":15,"minecraft:iron_door":2,"minecraft:water_bucket":23,"minecraft:andesite":165,"minecraft:golden_leggings":3,"minecraft:flint":11,"minecraft:tuff":919,"minecraft:lapis_lazuli":409,"minecraft:dirt":411,"minecraft:bone":40,"minecraft:stonecutter":10,"minecraft:bow":13,"minecraft:wheat_seeds":157,"minecraft:raw_gold":111,"minecraft:mossy_stone_bricks":1,"minecraft:diamond_helmet":10,"minecraft:glowstone_dust":1,"minecraft:oak_planks":15,"minecraft:cooked_porkchop":2,"minecraft:dark_oak_log":36,"minecraft:shulker_box":1,"minecraft:mossy_cobblestone":5,"minecraft:sugar":12,"minecraft:diamond":126,"minecraft:deepslate":17,"minecraft:crossbow":3,"minecraft:granite":79,"minecraft:emerald":12,"minecraft:oak_sapling":11,"minecraft:chorus_fruit":35,"minecraft:netherrack":5,"minecraft:diamond_pickaxe":33,"minecraft:crafting_table":15,"minecraft:azure_bluet":2,"minecraft:chicken":8,"minecraft:ladder":7,"minecraft:shield":13,"minecraft:cornflower":2,"minecraft:elytra":2,"minecraft:iron_axe":10,"minecraft:iron_shovel":11,"minecraft:blackstone":9,"minecraft:cracked_stone_bricks":1,"minecraft:netherite_sword":2,"minecraft:beef":73,"minecraft:poppy":22,"minecraft:light_gray_wool":3,"minecraft:egg":247,"minecraft:dark_oak_sapling":3,"minecraft:raw_iron":149,"minecraft:end_stone":227,"minecraft:stone":24,"minecraft:carrot":18,"minecraft:redstone":407,"minecraft:music_disc_creator_music_box":2,"minecraft:dark_oak_planks":19,"minecraft:arrow":79,"minecraft:diamond_chestplate":9,"minecraft:shears":1,"minecraft:diamond_boots":10,"minecraft:saddle":9,"minecraft:totem_of_undying":6,"minecraft:mutton":8,"minecraft:white_wool":58,"minecraft:rail":6,"minecraft:stripped_oak_log":1,"minecraft:leather":5,"minecraft:oak_log":41,"minecraft:golden_boots":1,"minecraft:cobbled_deepslate_stairs":123,"minecraft:gunpowder":1,"minecraft:cobblestone_stairs":30,"minecraft:white_banner":9,"minecraft:cooked_mutton":48,"minecraft:stone_bricks":1,"minecraft:kelp":8,"minecraft:stone_pickaxe":1,"minecraft:iron_ingot":115,"minecraft:cooked_chicken":639,"minecraft:iron_ore":4,"minecraft:glass_bottle":2,"minecraft:book":14,"minecraft:smooth_basalt":9,"minecraft:dandelion":18,"minecraft:spyglass":5,"minecraft:dripstone_block":101,"minecraft:gravel":113,"minecraft:amethyst_shard":8,"minecraft:spruce_sapling":4,"minecraft:blast_furnace":3,"minecraft:polished_tuff":72,"minecraft:spider_eye":11,"minecraft:cherry_sapling":17,"minecraft:chiseled_tuff_bricks":3,"minecraft:coal":158,"minecraft:ender_pearl":14},"minecraft:dropped":{"minecraft:glass_bottle":3,"minecraft:ender_pearl":1,"minecraft:dark_oak_sapling":3,"minecraft:leather":1,"minecraft:cracked_stone_bricks":1,"minecraft:rail":2,"minecraft:music_disc_creator_music_box":1,"minecraft:flint":3,"minecraft:emerald":3,"minecraft:dirt":133,"minecraft:dark_oak_log":36,"minecraft:dark_oak_planks":18,"minecraft:white_wool":23,"minecraft:bone":13,"minecraft:gravel":61,"minecraft:blackstone":9,"minecraft:cooked_chicken":221,"minecraft:cobbled_deepslate":2217,"minecraft:netherite_sword":1,"minecraft:obsidian":1,"minecraft:pointed_dripstone":41,"minecraft:rotten_flesh":22,"minecraft:oak_planks":8,"minecraft:glowstone_dust":1,"minecraft:end_stone":1,"minecraft:poppy":13,"minecraft:iron_ore":4,"minecraft:arrow":1,"minecraft:beef":64,"minecraft:netherrack":4,"minecraft:wheat_seeds":48,"minecraft:mossy_cobblestone":3,"minecraft:dripstone_block":50,"minecraft:feather":5,"minecraft:cobblestone":550,"minecraft:book":14,"minecraft:amethyst_block":8,"minecraft:granite":76,"minecraft:stick":6,"minecraft:diorite":141,"minecraft:torch":17,"minecraft:cooked_salmon":1,"minecraft:iron_door":2,"minecraft:diamond_helmet":2,"minecraft:oak_stairs":1,"minecraft:iron_axe":1,"minecraft:iron_shovel":2,"minecraft:string":2,"minecraft:spruce_sapling":2,"minecraft:smooth_basalt":9,"minecraft:redstone":17,"minecraft:kelp":5,"minecraft:stone_sword":1,"minecraft:raw_copper":80,"minecraft:deepslate":4,"minecraft:tuff":107,"minecraft:chicken":3,"minecraft:ender_eye":1,"minecraft:totem_of_undying":2,"minecraft:shulker_box":1,"minecraft:diamond_sword":1,"minecraft:stone":26,"minecraft:shield":1,"minecraft:diamond_pickaxe":1,"minecraft:andesite":120,"minecraft:mossy_stone_bricks":1,"minecraft:oak_sapling":1,"minecraft:golden_sword":2,"minecraft:spider_eye":8,"minecraft:stone_bricks":1,"minecraft:diamond_boots":1,"minecraft:bow":5,"minecraft:stone_pickaxe":1,"minecraft:calcite":12},"minecraft:used":{"minecraft:cherry_sapling":1,"minecraft:iron_shovel":154,"minecraft:elytra":1,"minecraft:ladder":13,"minecraft:poppy":4,"minecraft:chest":2,"minecraft:shield":59,"minecraft:rotten_flesh":2,"minecraft:carrot":13,"minecraft:tuff":20,"minecraft:azure_bluet":2,"minecraft:lava_bucket":2,"minecraft:bow":4,"minecraft:furnace":4,"minecraft:oak_sapling":8,"minecraft:egg":246,"minecraft:diorite":34,"minecraft:diamond_boots":8,"minecraft:chorus_fruit":1,"minecraft:stone_pickaxe":383,"minecraft:oak_planks":6,"minecraft:ender_pearl":10,"minecraft:polished_tuff_stairs":41,"minecraft:blast_furnace":3,"minecraft:crossbow":1,"minecraft:dripstone_block":9,"minecraft:end_stone":226,"minecraft:cobbled_deepslate_stairs":63,"minecraft:polished_tuff":487,"minecraft:bread":1,"minecraft:deepslate":20,"minecraft:gravel":2,"minecraft:chiseled_tuff_bricks":35,"minecraft:diamond_sword":398,"minecraft:stone_sword":121,"minecraft:spruce_planks":1,"minecraft:cooked_chicken":78,"minecraft:netherrack":1,"minecraft:torch":193,"minecraft:dirt":10,"minecraft:spyglass":82,"minecraft:diamond_helmet":8,"minecraft:granite":3,"minecraft:dark_oak_planks":1,"minecraft:iron_axe":66,"minecraft:totem_of_undying":1,"minecraft:diamond_chestplate":8,"minecraft:cooked_beef":76,"minecraft:cobbled_deepslate":304,"minecraft:cherry_log":2,"minecraft:pointed_dripstone":20,"minecraft:cooked_mutton":8,"minecraft:water_bucket":42,"minecraft:cobblestone_stairs":64,"minecraft:cauldron":7,"minecraft:stonecutter":7,"minecraft:mossy_cobblestone":2,"minecraft:rail":3,"minecraft:crafting_table":10,"minecraft:white_bed":2,"minecraft:campfire":1,"minecraft:oak_log":15,"minecraft:diamond_pickaxe":5389,"minecraft:cornflower":1,"minecraft:iron_pickaxe":257,"minecraft:golden_leggings":1,"minecraft:pink_petals":75,"minecraft:cobblestone":221,"minecraft:potion":1,"minecraft:white_banner":6,"minecraft:cooked_porkchop":2,"minecraft:bucket":47,"minecraft:brush":3,"minecraft:dandelion":7,"minecraft:diamond_leggings":7}},"DataVersion":3953}